filename,score,count
data10.txt,-0.5476190476190477,3
data7.txt,-1.0,1
data1.txt,-0.16666666666666663,2
